[
  {
    "baseType": 3,
    "name": "description",
    "defaultValue": "",
    "description": "",
    "helpText": "",
    "isSystem": false,
    "minLength": 0,
    "maxLength": 3000,
    "validationRegex": "",
    "isValidate": false,
    "uuid": "e85ddc36-4e54-4935-8ed7-dc9d8cdbf0ef"
  },
  {
    "baseType": 3,
    "name": "eventTime",
    "defaultValue": "",
    "description": "",
    "helpText": "",
    "isSystem": false,
    "minLength": 0,
    "maxLength": 3000,
    "validationRegex": "",
    "isValidate": false,
    "uuid": "77fed855-2594-4a72-80cc-f61ade494464"
  },
  {
    "baseType": 3,
    "name": "measuredParam",
    "defaultValue": "",
    "description": "",
    "helpText": "",
    "isSystem": false,
    "minLength": 0,
    "maxLength": 3000,
    "validationRegex": "",
    "isValidate": false,
    "uuid": "2c466b0e-c2a7-472d-8972-d376d69586d5"
  },
  {
    "baseType": 3,
    "name": "measuredValue",
    "defaultValue": "",
    "description": "",
    "helpText": "",
    "isSystem": false,
    "minLength": 0,
    "maxLength": 3000,
    "validationRegex": "",
    "isValidate": false,
    "uuid": "d84e229a-066b-46fd-8a54-a5056cdbd08a"
  },
  {
    "baseType": 3,
    "name": "orgId",
    "defaultValue": "",
    "description": "",
    "helpText": "",
    "isSystem": false,
    "minLength": 0,
    "maxLength": 3000,
    "validationRegex": "",
    "isValidate": false,
    "uuid": "53659cea-4d5e-4733-8471-35cab05b275f"
  },
  {
    "baseType": 3,
    "name": "orgName",
    "defaultValue": "",
    "description": "",
    "helpText": "",
    "isSystem": false,
    "minLength": 0,
    "maxLength": 3000,
    "validationRegex": "",
    "isValidate": false,
    "uuid": "4920bfc6-988d-474d-9dc2-fd1b80229166"
  },
  {
    "baseType": 3,
    "name": "pathId",
    "defaultValue": "",
    "description": "",
    "helpText": "",
    "isSystem": false,
    "minLength": 0,
    "maxLength": 3000,
    "validationRegex": "",
    "isValidate": false,
    "uuid": "34e38fa1-cde6-43d6-b008-4dacca439a77"
  },
  {
    "baseType": 3,
    "name": "pathName",
    "defaultValue": "",
    "description": "",
    "helpText": "",
    "isSystem": false,
    "minLength": 0,
    "maxLength": 3000,
    "validationRegex": "",
    "isValidate": false,
    "uuid": "2886c992-0078-48a4-991e-3446e63fe5d7"
  },
  {
    "baseType": 3,
    "name": "pathServiceQuality",
    "defaultValue": "",
    "description": "",
    "helpText": "",
    "isSystem": false,
    "minLength": 0,
    "maxLength": 3000,
    "validationRegex": "",
    "isValidate": false,
    "uuid": "3e2ec9c8-180c-4ca9-bc5f-76aa84281e59"
  },
  {
    "baseType": 3,
    "name": "sequencerHost",
    "defaultValue": "",
    "description": "",
    "helpText": "",
    "isSystem": false,
    "minLength": 0,
    "maxLength": 3000,
    "validationRegex": "",
    "isValidate": false,
    "uuid": "dbabc9a2-ac28-4d7c-8f12-056ca8ae5b0f"
  },
  {
    "baseType": 3,
    "name": "sequencerName",
    "defaultValue": "",
    "description": "",
    "helpText": "",
    "isSystem": false,
    "minLength": 0,
    "maxLength": 3000,
    "validationRegex": "",
    "isValidate": false,
    "uuid": "7658a197-6ca9-425f-90d1-a5ac19e0b15a"
  },
  {
    "baseType": 3,
    "name": "target",
    "defaultValue": "",
    "description": "",
    "helpText": "",
    "isSystem": false,
    "minLength": 0,
    "maxLength": 3000,
    "validationRegex": "",
    "isValidate": false,
    "uuid": "598acadd-d13a-45ee-a7ed-c7327e532870"
  },
  {
    "baseType": 3,
    "name": "type",
    "defaultValue": "",
    "description": "",
    "helpText": "",
    "isSystem": false,
    "minLength": 0,
    "maxLength": 3000,
    "validationRegex": "",
    "isValidate": false,
    "uuid": "32f16c69-5558-43e6-9d46-bce75e8b4c0e"
  }
]