{
  "integrations": [
    {
      "id": "6af0a996-0bcb-4011-b72c-cd4d53f8de70",
      "name": "AppNeta",
      "action": "CREATE_EVENT",
      "type": "INBOUND_WEBHOOK",
      "deployed": true,
      "form": "38304255-85f4-41b6-9506-140acc1625d7",
      "script": "var payload = JSON.parse(request.body);\n\n/** Extract users from the payload and build a list of recipients. **/\n//var recipients = [];\n//for (var i in payload.users)\n//{\n//    var userId = payload.users[i].userId;\n//    recipients.push({'id': userId});\n//}\n\n/** Set the form recipients **/\n//trigger.recipients = recipients;\n\n/** Set the form properties with information extracted from the payload **/\ntrigger.properties = payload;\n//trigger.properties['Customers Affected'] = payload.customersAffected;\n//trigger.properties.Location = [payload.country, payload.state, payload.city];\n//trigger.properties['Production System'] = payload.isProductionSystem;\n//trigger.properties.Subsystems = [payload.subsystem1, payload.subsystem2];\n\n/** Set the form priority **/\n//switch (payload.priority){\n//  case 'SEVERE':\n//    trigger.priority = 'HIGH';\n//    break;\n//  case 'MODERATE':\n//    trigger.priority = 'MEDIUM';\n//    break;\n//  case 'MINOR':\n//    trigger.priority = 'LOW';\n//    break;\n//}\n\n/** Configure response counts for forms that count responses **/\n\n\n/** Initiate the event*/\nform.post(trigger);",
      "environment": "HOSTED",
      "authType": "URL",
      "createdBy": "IB"
    },
    {
      "id": "22212256-9af8-44c0-a332-70179ebcef12",
      "name": "AppNeta Alert - Acknowledge",
      "action": "RUN_SCRIPT",
      "type": "OUTBOUND_WEBHOOK",
      "triggeredBy": "RESPONSE",
      "responseChoice": "Acknowledge",
      "deployed": true,
      "form": "38304255-85f4-41b6-9506-140acc1625d7",
      "environment": "HOSTED",
      "authType": "NONE",
      "createdBy": "FLOW"
    },
    {
      "id": "f32cd1e0-0d02-4cf8-a1a2-95cf4cfff257",
      "name": "AppNeta Alert - Escalate",
      "action": "RUN_SCRIPT",
      "type": "OUTBOUND_WEBHOOK",
      "triggeredBy": "RESPONSE",
      "responseChoice": "Escalate",
      "deployed": true,
      "form": "38304255-85f4-41b6-9506-140acc1625d7",
      "environment": "HOSTED",
      "authType": "NONE",
      "createdBy": "FLOW"
    }
  ],
  "endpoints": [],
  "constants": []
}