{
  "integrations": [
    {
      "id": "10abdde7-0681-4158-8ab4-203f8d494eb6",
      "name": "AppNeta",
      "action": "CREATE_EVENT",
      "type": "INBOUND_WEBHOOK",
      "deployed": true,
      "form": "2697edfc-3925-406a-a135-6f7ae8c79728",
      "script": "var payload = JSON.parse(request.body);\n\n/** Extract users from the payload and build a list of recipients. **/\n//var recipients = [];\n//for (var i in payload.users)\n//{\n//    var userId = payload.users[i].userId;\n//    recipients.push({'id': userId});\n//}\n\n/** Set the form recipients **/\n//trigger.recipients = recipients;\n\n/** Set the form properties with information extracted from the payload **/\ntrigger.properties = payload;\n//trigger.properties['Customers Affected'] = payload.customersAffected;\n//trigger.properties.Location = [payload.country, payload.state, payload.city];\n//trigger.properties['Production System'] = payload.isProductionSystem;\n//trigger.properties.Subsystems = [payload.subsystem1, payload.subsystem2];\n\n/** Set the form priority **/\n//switch (payload.priority){\n//  case 'SEVERE':\n//    trigger.priority = 'HIGH';\n//    break;\n//  case 'MODERATE':\n//    trigger.priority = 'MEDIUM';\n//    break;\n//  case 'MINOR':\n//    trigger.priority = 'LOW';\n//    break;\n//}\n\n/** Configure response counts for forms that count responses **/\n\n\n/** Initiate the event*/\nform.post(trigger);",
      "environment": "HOSTED",
      "authType": "URL",
      "createdBy": "IB"
    },
    {
      "id": "98340378-24d7-4ca6-85af-2df23bda90d0",
      "name": "AppNeta Alert - Acknowledge",
      "action": "RUN_SCRIPT",
      "type": "OUTBOUND_WEBHOOK",
      "triggeredBy": "RESPONSE",
      "responseChoice": "Acknowledge",
      "deployed": true,
      "form": "2697edfc-3925-406a-a135-6f7ae8c79728",
      "environment": "HOSTED",
      "authType": "NONE",
      "createdBy": "FLOW"
    },
    {
      "id": "48b93bab-14f8-48c0-ae39-c57df93d6eb0",
      "name": "AppNeta Alert - Escalate",
      "action": "RUN_SCRIPT",
      "type": "OUTBOUND_WEBHOOK",
      "triggeredBy": "RESPONSE",
      "responseChoice": "Escalate",
      "deployed": true,
      "form": "2697edfc-3925-406a-a135-6f7ae8c79728",
      "environment": "HOSTED",
      "authType": "NONE",
      "createdBy": "FLOW"
    }
  ],
  "endpoints": [],
  "constants": []
}