[
  {
    "id": "8b3495e0-84ef-485b-87a9-edc1d333eef7",
    "name": "Clear all appneta events",
    "description": "",
    "icon": "/static/images/script_steps/default-brackets.png",
    "script": "/*\n* Inputs for the script step appear as properties\n* of the input object.\n* This example shows how to access Inputs named\n* 'APIKey' and 'Application Host'.\n*/\n//var department = input.APIKey;\n//var address = input['Application Host'];\n\n/*\n* If an input is not required, it may not be\n* present on the input object. Check that it\n* is present before using it.\n*/\n//if (input.priorityLevel != null) {\n//     var priority = input.priorityLevel.toUpperCase();\n//}\n\n/*\n* If the script step has declared outputs, their\n* values should be set on the output object.\n* This example shows how to emit outputs named\n* 'Priority' and 'Server Name'.\n*/\n//output.Priority = priority;\n//output['Server Name'] = input['Application Host'];\n\n/*\n* If the script step has an endpoint, it can\n* be used to make HTTP requests.\n* This example shows how to make a request using\n* an endpoint named 'ExampleAPI' and an input\n* named 'personId', then set the output property\n* 'User Name' using the result.\n*/\n//var apiRequest = http.request({\n//    'endpoint': 'ExampleAPI',\n//    'path': '/api/1/persons/' + input.personId,\n//    'method': 'GET'\n//});\n//var apiResponse = apiRequest.write();\n//if (apiResponse.statusCode == 200) {\n//    var person = JSON.parse(apiResponse.body);\n//    output['User Name'] = person.username\n//}",
    "scriptStepType": "PLAN",
    "inputs": [],
    "outputs": []
  }
]